{"_id":"e1b7a180-29e2-4fdb-aad3-82823c43e8a9_AppSrv01_5943744573805834_228c3bbd-1583-4952-8dd9-ec4655604092_ModResorts.ear_json","_rev":"1-2b94fc725dbe3d9699fc3436c50f7428","report":"technology","version":"2.3","productVersion":"24.0.0.2","productRelease":"24.0.0.2","buildID":"v20240519_2333","options":["--baseEdition","--coreEdition","--includeHelpLocation","--liberty","--ndEdition","--traditional","--zosEdition","--excludePackages\u003dch.qos,com.cloudant,com.cognos,com.fasterxml,com.filenet,com.ibatis,com.ibm,com.informix,com.lowagie,com.mchange,com.meterware,com.microsoft,com.mongodb,com.mysql,com.sun,com.sybase,filenet,freemarker,groovy,jakarta,java,javax,net,oracle,org,sqlj,sun,twitter4j,_ibmjsp"],"applications":[{"application":"/opt/IBM/WebSphere/AppServer/profiles/AppSrv01/config/cells/demo-data-vm1Node01Cell/applications/ModResorts.ear/ModResorts.ear","summary":{"openLiberty":true,"libertyCore":false,"liberty":true,"websphereTraditional":true,"ndLiberty":true,"ndTraditional":true,"zosLiberty":true,"zosTraditional":true},"technologies":[{"technology":"Java Servlet","openLiberty":true,"libertyCore":true,"liberty":true,"websphereTraditional":true,"ndLiberty":true,"ndTraditional":true,"zosLiberty":true,"zosTraditional":true},{"technology":"JavaServer Pages / Expression Language (JSP/EL)","openLiberty":true,"libertyCore":true,"liberty":true,"websphereTraditional":true,"ndLiberty":true,"ndTraditional":true,"zosLiberty":true,"zosTraditional":true},{"technology":"Dependency Injection for Java","openLiberty":true,"libertyCore":true,"liberty":true,"websphereTraditional":true,"ndLiberty":true,"ndTraditional":true,"zosLiberty":true,"zosTraditional":true},{"technology":"Enterprise JavaBeans (EJB) Lite subset","openLiberty":true,"libertyCore":true,"liberty":true,"websphereTraditional":true,"ndLiberty":true,"ndTraditional":true,"zosLiberty":true,"zosTraditional":true},{"technology":"Common Annotations for the Java Platform","openLiberty":true,"libertyCore":true,"liberty":true,"websphereTraditional":true,"ndLiberty":true,"ndTraditional":true,"zosLiberty":true,"zosTraditional":true},{"technology":"Java Message Service (JMS) API","openLiberty":true,"libertyCore":false,"liberty":true,"websphereTraditional":true,"ndLiberty":true,"ndTraditional":true,"zosLiberty":true,"zosTraditional":true},{"technology":"Java Database Connectivity (JDBC)","openLiberty":true,"libertyCore":true,"liberty":true,"websphereTraditional":true,"ndLiberty":true,"ndTraditional":true,"zosLiberty":true,"zosTraditional":true},{"technology":"Java Management Extensions (JMX)","openLiberty":true,"libertyCore":true,"liberty":true,"websphereTraditional":true,"ndLiberty":true,"ndTraditional":true,"zosLiberty":true,"zosTraditional":true}],"incompleteReportErrors":[],"footnotes":[]}],"overallSummary":{"openLiberty":true,"libertyCore":false,"liberty":true,"websphereTraditional":true,"ndLiberty":true,"ndTraditional":true,"zosLiberty":true,"zosTraditional":true},"name":"ModResorts.ear.eval","type":"json","tenantId":"228c3bbd-1583-4952-8dd9-ec4655604092","taskname":"e1b7a180-29e2-4fdb-aad3-82823c43e8a9","created":1716292720026,"profileName":"AppSrv01_5943744573805834","applicationName":"ModResorts.ear","id":"e1b7a180-29e2-4fdb-aad3-82823c43e8a9_AppSrv01_5943744573805834_228c3bbd-1583-4952-8dd9-ec4655604092_ModResorts.ear_json"}